<?xml version="1.0" encoding="UTF-8"?>
<beans xmlns="http://www.springframework.org/schema/beans"
       xmlns:xsi="http://www.w3.org/2001/XMLSchema-instance"
       xmlns:context="http://www.springframework.org/schema/context"
      xmlns:p="http://www.springframework.org/schema/p" 
       xsi:schemaLocation="http://www.springframework.org/schema/beans
        http://www.springframework.org/schema/beans/spring-beans.xsd
   http://www.springframework.org/schema/context
   http://www.springframework.org/schema/context/spring-context.xsd"
  >
 <!--  This is our beans -->
    <bean class= "com.springcore.springcore.Student" name= "student1">
  
  <!--  <bean class= "com.springcore.springcore.Student" name= "student1" p:studentId="111"
       p:studentName="Rani" p:studentAddress="Amaravathi"> -->
       
       
   <!-- <property name = "studentId">
       <value>2345</value>
       </property>
        <property name = "studentName">
       <value>Ravi</value>
       </property>
        <property name = "studentAddress">
       <value>Hyderabad</value>
       
       </property> -->
       <property name = "studentId" value ="343"/>
       <property name = "studentName" value ="Raju"/>
       <property name = "studentAddress" value ="WestBengal"/>
       
       
       
   </bean>
 </beans>
